n_features,mean_train_r2,mean_cv_r2,std_cv_r2,selected_features,val_r2,combined_r2
1,0.8915903814044308,0.33122265911762067,0.2139890023645749,['RDKit_MaxAbsPartialCharge'],0.03654423052636124,0.18388344482199095
2,0.901229618242551,0.43011118354254696,0.1351611903769507,"['RDKit_MaxAbsPartialCharge', 'RDKit_SMR_VSA6']",0.37659249780377935,0.40335184067316315
3,0.9135796069667007,0.4685234154920431,0.11145359366613607,"['RDKit_EState_VSA2', 'RDKit_MaxAbsPartialCharge', 'RDKit_SMR_VSA6']",0.3970792728258553,0.4328013441589492
4,0.9320967591762394,0.5100494393695959,0.09627507150441021,"['RDKit_BCUT2D_MWLOW', 'RDKit_EState_VSA2', 'RDKit_MaxAbsPartialCharge', 'RDKit_SMR_VSA6']",0.39058562792462914,0.4503175336471125
5,0.9333342213232338,0.5277714057332108,0.10200579630011604,"['RDKit_BCUT2D_MWLOW', 'RDKit_EState_VSA2', 'RDKit_MaxAbsPartialCharge', 'RDKit_SMR_VSA6', 'RDKit_fr_ether']",0.3685845642246014,0.4481779849789061
6,0.9320954637305643,0.5384432246983131,0.06848725328443409,"['RDKit_BCUT2D_MWLOW', 'RDKit_EState_VSA2', 'RDKit_MaxAbsPartialCharge', 'RDKit_SMR_VSA6', 'RDKit_SlogP_VSA10', 'RDKit_fr_ether']",0.5111485386855952,0.5247958816919541
7,0.9243861027788711,0.5735837048759338,0.05204157433625431,"['RDKit_BCUT2D_MWLOW', 'RDKit_EState_VSA2', 'RDKit_MaxAbsPartialCharge', 'RDKit_SMR_VSA6', 'RDKit_SlogP_VSA10', 'RDKit_fr_NH2', 'RDKit_fr_ether']",0.4776753145720879,0.5256295097240109
8,0.9276925106582792,0.5794047116330211,0.06086638863863765,"['RDKit_BCUT2D_MWLOW', 'RDKit_EState_VSA2', 'RDKit_MaxAbsPartialCharge', 'RDKit_SMR_VSA6', 'RDKit_SlogP_VSA10', 'RDKit_fr_NH2', 'RDKit_fr_bicyclic', 'RDKit_fr_ether']",0.5072536671142563,0.5433291893736387
9,0.9303365642725023,0.5687216078543169,0.07408624548158536,"['RDKit_BCUT2D_MWLOW', 'RDKit_EState_VSA2', 'RDKit_MaxAbsPartialCharge', 'RDKit_NumAromaticHeterocycles', 'RDKit_SMR_VSA6', 'RDKit_SlogP_VSA10', 'RDKit_fr_NH2', 'RDKit_fr_bicyclic', 'RDKit_fr_ether']",0.479385683961119,0.524053645907718
10,0.9296236497369376,0.5744678725175072,0.0639464616840118,"['RDKit_BCUT2D_MWLOW', 'RDKit_EState_VSA2', 'RDKit_MaxAbsPartialCharge', 'RDKit_NumAromaticHeterocycles', 'RDKit_SMR_VSA6', 'RDKit_SlogP_VSA10', 'RDKit_fr_Ar_NH', 'RDKit_fr_NH2', 'RDKit_fr_bicyclic', 'RDKit_fr_ether']",0.49651765664839176,0.5354927645829495
11,0.9215858844509637,0.5762243897714175,0.06991208915917921,"['RDKit_BCUT2D_MWLOW', 'RDKit_EState_VSA2', 'RDKit_EState_VSA3', 'RDKit_MaxAbsPartialCharge', 'RDKit_NumAromaticHeterocycles', 'RDKit_SMR_VSA6', 'RDKit_SlogP_VSA10', 'RDKit_fr_Ar_NH', 'RDKit_fr_NH2', 'RDKit_fr_bicyclic', 'RDKit_fr_ether']",0.47787182998915767,0.5270481098802876
12,0.9255408263249885,0.5817533570694954,0.05551925224189535,"['RDKit_BCUT2D_MWLOW', 'RDKit_EState_VSA2', 'RDKit_EState_VSA3', 'RDKit_MaxAbsPartialCharge', 'RDKit_NumAromaticHeterocycles', 'RDKit_SMR_VSA6', 'RDKit_SlogP_VSA1', 'RDKit_SlogP_VSA10', 'RDKit_fr_Ar_NH', 'RDKit_fr_NH2', 'RDKit_fr_bicyclic', 'RDKit_fr_ether']",0.538231522742899,0.5599924399061972
13,0.9242271125795509,0.5922547723072518,0.06430839852349296,"['RDKit_BCUT2D_MWLOW', 'RDKit_EState_VSA2', 'RDKit_EState_VSA3', 'RDKit_MaxAbsPartialCharge', 'RDKit_NumAromaticHeterocycles', 'RDKit_SMR_VSA6', 'RDKit_SlogP_VSA1', 'RDKit_SlogP_VSA10', 'RDKit_fr_Ar_NH', 'RDKit_fr_NH2', 'RDKit_fr_bicyclic', 'RDKit_fr_ether', 'RDKit_fr_sulfonamd']",0.5635585852795746,0.5779066787934132
14,0.9221789917468031,0.591197411060848,0.05711373437029458,"['RDKit_BCUT2D_MWLOW', 'RDKit_EState_VSA2', 'RDKit_EState_VSA3', 'RDKit_MaxAbsPartialCharge', 'RDKit_NumAromaticHeterocycles', 'RDKit_SMR_VSA6', 'RDKit_SlogP_VSA1', 'RDKit_SlogP_VSA10', 'RDKit_fr_Al_OH', 'RDKit_fr_Ar_NH', 'RDKit_fr_NH2', 'RDKit_fr_bicyclic', 'RDKit_fr_ether', 'RDKit_fr_sulfonamd']",0.5313366039453125,0.5612670075030802
15,0.9186812544753599,0.5902038818400348,0.06472243683513922,"['RDKit_BCUT2D_MWLOW', 'RDKit_EState_VSA2', 'RDKit_EState_VSA3', 'RDKit_MaxAbsPartialCharge', 'RDKit_NumAromaticHeterocycles', 'RDKit_SMR_VSA6', 'RDKit_SlogP_VSA1', 'RDKit_SlogP_VSA10', 'RDKit_fr_Al_OH', 'RDKit_fr_Ar_NH', 'RDKit_fr_Imine', 'RDKit_fr_NH2', 'RDKit_fr_bicyclic', 'RDKit_fr_ether', 'RDKit_fr_sulfonamd']",0.4879584474061438,0.5390811646230893
16,0.9255770918461899,0.5918081067338774,0.05940755368039905,"['RDKit_BCUT2D_MWLOW', 'RDKit_EState_VSA2', 'RDKit_EState_VSA3', 'RDKit_MaxAbsPartialCharge', 'RDKit_NumAromaticHeterocycles', 'RDKit_SMR_VSA6', 'RDKit_SlogP_VSA1', 'RDKit_SlogP_VSA10', 'RDKit_fr_Al_OH', 'RDKit_fr_Ar_NH', 'RDKit_fr_Imine', 'RDKit_fr_NH2', 'RDKit_fr_bicyclic', 'RDKit_fr_ether', 'RDKit_fr_phenol_noOrthoHbond', 'RDKit_fr_sulfonamd']",0.5240584004548057,0.5579332535943415
17,0.9233995446033076,0.5951196338982141,0.055097678843800894,"['RDKit_BCUT2D_MWLOW', 'RDKit_EState_VSA2', 'RDKit_EState_VSA3', 'RDKit_MaxAbsPartialCharge', 'RDKit_NumAromaticHeterocycles', 'RDKit_SMR_VSA6', 'RDKit_SlogP_VSA1', 'RDKit_SlogP_VSA10', 'RDKit_fr_Al_OH', 'RDKit_fr_Ar_NH', 'RDKit_fr_Imine', 'RDKit_fr_NH2', 'RDKit_fr_aniline', 'RDKit_fr_bicyclic', 'RDKit_fr_ether', 'RDKit_fr_phenol_noOrthoHbond', 'RDKit_fr_sulfonamd']",0.5615742723675662,0.5783469531328902
18,0.9214552766059976,0.5883104165944608,0.05291202617393773,"['RDKit_BCUT2D_MWLOW', 'RDKit_EState_VSA2', 'RDKit_EState_VSA3', 'RDKit_MaxAbsPartialCharge', 'RDKit_NumAromaticHeterocycles', 'RDKit_SMR_VSA6', 'RDKit_SlogP_VSA1', 'RDKit_SlogP_VSA10', 'RDKit_fr_Al_OH', 'RDKit_fr_Ar_COO', 'RDKit_fr_Ar_NH', 'RDKit_fr_Imine', 'RDKit_fr_NH2', 'RDKit_fr_aniline', 'RDKit_fr_bicyclic', 'RDKit_fr_ether', 'RDKit_fr_phenol_noOrthoHbond', 'RDKit_fr_sulfonamd']",0.5394090231902465,0.5638597198923536
19,0.9238520631755275,0.6026575859830302,0.04647343161667304,"['RDKit_BCUT2D_MWLOW', 'RDKit_EState_VSA2', 'RDKit_EState_VSA3', 'RDKit_MaxAbsPartialCharge', 'RDKit_NumAromaticHeterocycles', 'RDKit_SMR_VSA6', 'RDKit_SlogP_VSA1', 'RDKit_SlogP_VSA10', 'RDKit_VSA_EState4', 'RDKit_fr_Al_OH', 'RDKit_fr_Ar_COO', 'RDKit_fr_Ar_NH', 'RDKit_fr_Imine', 'RDKit_fr_NH2', 'RDKit_fr_aniline', 'RDKit_fr_bicyclic', 'RDKit_fr_ether', 'RDKit_fr_phenol_noOrthoHbond', 'RDKit_fr_sulfonamd']",0.5570460637999191,0.5798518248914746
20,0.9202243204482801,0.5936483049978455,0.046319731719979246,"['RDKit_BCUT2D_MWLOW', 'RDKit_EState_VSA2', 'RDKit_EState_VSA3', 'RDKit_MaxAbsPartialCharge', 'RDKit_NumAromaticHeterocycles', 'RDKit_SMR_VSA6', 'RDKit_SlogP_VSA1', 'RDKit_SlogP_VSA10', 'RDKit_SlogP_VSA8', 'RDKit_VSA_EState4', 'RDKit_fr_Al_OH', 'RDKit_fr_Ar_COO', 'RDKit_fr_Ar_NH', 'RDKit_fr_Imine', 'RDKit_fr_NH2', 'RDKit_fr_aniline', 'RDKit_fr_bicyclic', 'RDKit_fr_ether', 'RDKit_fr_phenol_noOrthoHbond', 'RDKit_fr_sulfonamd']",0.5648163469376607,0.5792323259677531
